{"0": 19.006, "1": 6.248000000000001, "2": 2.994, "3": 2.9399999999999995, "4": 1.87, "5": 1.8310000000000013, "6": 1.8269999999999997, "7": 1.703, "8": 1.5640000000000003, "9": 1.5360000000000014}