{"0": 6.248000000000001, "1": 2.9399999999999995, "2": 1.87, "3": 1.8310000000000013, "4": 1.8269999999999997, "5": 1.703, "6": 1.5640000000000003, "7": 1.5360000000000014, "8": 0.8010000000000002}