{"0": 19.006, "1": 3.3869999999999987, "2": 3.118, "3": 2.708, "4": 2.308, "5": 2.2590000000000003}