{"0": 19.006, "1": 8.263, "2": 6.248000000000001, "3": 5.072, "4": 4.939, "5": 4.554, "6": 3.561, "7": 3.267, "8": 2.994, "9": 2.9399999999999995}